COD	ÁREA
A01	ADMINISTRACION I/ADMINISTRACION 
A02	ADMINISTRACION II/COMPORTAMIENTO ORGANIZACIONAL
A03	COMERCIALIZACION I
A04	FINANZAS DE EMPRESAS I
A05	ADMINISTRACION DE LA PRODUCCION I/ADMINISTRACION DE LAS OPERACIONES I
A06	ADMINISTRACION DE PERSONAL/ADMINISTRACION DE RECURSOS HUMANOS
A07	CONTABILIDAD GERENCIAL
A08	COMPUTACION I
A09	COMPUTACION II/ANALISIS Y DISEÑO
A10	TEORIA DE LA ORGANIZACIÓN/DIRECCION ESTRATEGICA I
A11	SOCIOLOGIA
A12	FINANZAS DE EMPRESAS II
A13	ADMINISTRACION DE LA PRODUCCION II/ADMINISTRACION DE LAS OPERACIONES II
A14	COMERCIALIZACION II
A15	FORMULACION Y EVALUACION DE PROYECTOS
A16	INVESTIGACION OPERATIVA/ANALISIS CUANTITATIVO DE NEGOCIOS
C01	CONTABILIDAD I/INT AL SIST DE INFM. CONTABLE
C02	CONTABILIDAD II
C03	ESTADOS CONTABLES Y SUS ANALISIS/CONTABILIDAD IV
C04	COSTOS I
C05	COSTOS II
C06	ADMINISTRACION Y CONTABILIDAD PUBLICA/ADMINISTRACION Y CONTABILIDAD PUBLICA I
C08	CONCURSOS Y PRACTICA JUDICIAL/CONCURSOS Y PRACTICA JUDICIAL I
C09	ORGANIZACION CONTABLE DE EMPRESAS/ORGANIZACIÓN CONTABLE I
C10	TEORIA Y TECNICA IMPOSITIVA I/IMPUESTOS DIRECTOS
C11	AUDITORIA I
C12	AUDITORIA II
C14	TEORIA Y TECNICA IMPOSITIVA II/IMPUESTO AL CONSUMO
C15	CONTABILIDAD III
D01	DERECHO CIVIL/DERECHO EMPRESARIO I
D02	DERECHO COMERCIAL I/DERECHO EMPRESARIO II
D03	DERECHO COMERCIAL II/DERECHO SOCIETARIO
D04	DERECHO FISCAL Y ADMINISTRATIVO/DERECHO CONSTITUCIONAL Y TRIBUTARIO
D05	DERECHO DEL TRABAJO Y LA SEGURIDAD SOCIAL/DERECHO DEL TRABAJO Y LA SEGURIDAD SOCIAL I
E01	INTRODUCCION A LA ECONOMIA/PRINCIPIOS DE ECONOMIA I
E02	ECONOMIA I/PRINCIPIOS DE ECONOMIA II
E03	TEORIA DE LOS PRECIOS I/MICROECONOMIA I
E04	TEORIA DE LOS PRECIOS II/MICROECONOMIA II
E05	TEORIA DEL INGRESO Y SUS FLUCTUACIONES/MACROECONOMIA I
E06	FINANZAS PUBLICAS I/FINANZAS PUBLICAS
E07	COMERCIO INTERNACIONAL I/COMERCIO INTERNACIONAL
E08	TEORIA MONETARIA IMACROECONOMIA II
E09	TEORIA MONETARIA II/MACROECONOMIA III
E10	DESARROLLO ECONOMICO I/CRECIMIENTO Y DESARROLLO ECONOMICO
E11	EVALUACION SOCIAL DE PROYECTOS/EVALUACION ECONOMICA Y FINANCIERA DE PROYECTOS
E12	HISTORIA DEL PENSAMIENTO ECONOMICO
E13	DESARROLLO ECONOMICO II
E14	PLANIFICACION ECONOMICA/ OTRO CODIGO E37 MICROECONOMIA III
E15	PROBLEMAS ECONOMICOS DE AMERICA LATINA
E16	FINANZAS PUBLICAS II
E17	ECONOMIA AGRICOLA I/ECONOMIA AGRICOLA
E18	ECONOMIA AGRICOLA II
E19	POLITICA MONETARIA Y FISCAL/ECONOMIA POLITICA
E20	COMERCIO INTERNACIONAL II
E21	ECONOMIA MATEMATICA
E22	ALGEBRA LINEAL
E23	ECONOMIA DEL BIENESTAR/TEORIA DEL EQUILIBRIO GENERAL
E24	HISTORIA ECONOMICA ARGENTINA/ECONOMIA INSTITUCIONAL
E25	ECONOMIA LABORAL I/ECONOMIA LABORAL
E26	INTRODUCCION A LA DEMOGRAFIA
E27	ECONOMIA INDUSTRIAL I/ECONOMIA INDUSTRIAL
E28	SEMINARIO DE INVESTIGACION
E29	ECONOMIA II/TEORIA ECONOMICA APLICADA
H01	LOGICA Y METODOLOGIA DE LA CIENCIA/LOGICA Y METODOLOGIA DE LA INVESTIGACION
H02	HISTORIA ECONOMICA
L03	PRESEMINARIO CPN-1983-LEE 1983-LAE 1983
L04	SEMINARIO
M01	ALGEBRA/MATEMATICA I
M02	INTRODUCCION AL ANALISIS MATEMATICO/MATEMATICA II
M03	ANALISIS MATEMATICO/MATEMATICA III
M04	ESTADISTICA
M05	MATEMATICA FINANCIERA/MATEMATICA FINANCIERA I
M06	CALCULO SUPERIOR
M07	ESTADISTICA I/ESTADISTICA INFERENCIAL
M08	ESTADISTICA II
M09	ECONOMETRIA I
M10	ECONOMETRIA II
M11	INTRODUCCION A LA ESTADISTICA MATEMATICA
M12	ANALISIS ESTADISTICO MULTIVARIADO
M13	SERIES CRONOLOGICAS
M14	PROGRAMACION
H03	HISTORIA ECONOMICA ARGENTINA
P01	PRACTICA PROFESIONAL I
P02	ACTUALIZACION PROFESIONAL
P03	PRACTICA PROFESIONAL II
C16	ORGANIZACION CONTABLE DE EMPRESAS II
C21	CONTROL DE GESTIÓN
C17	CONTABILIDAD V : TEMAS ESPECIALES DE EVALUACION
C18	CONTABILIDAD VI : NORMAS INTERNACIONALES DE INFORMACION FINANCIERA
C20	COSTOS III : GESTION DE COSTOS 
C19	CONTABILIDAD Y ADMINISTRACION PUBLICA II
C22	AUDITORIA III : TEMAS ESPECIALES DE AUDITORIA
A18	SISTEMAS DE INFORMACION I
D08	CONCURSOS Y PRACTICA JUDICIAL
D09	DERECHO COMERCIAL III
D10	IMPUESTOS III : ASPECTOS TRIBUTARIOS ESPECIALES
D11	CONCURSOS Y PRACTICA JUDICIAL II
A21	TALLER DE METODOLOGIA DE INVESTIGACION EN ADMINISTRACION
A25	ACTUALIZACION EN TEMAS DE ADMINISTRACION
A26	DESARROLLO DE COMPETENCIAS EMPRENDEDORAS
A27	DESARROLLO DE HABILIDADES GERENCIALES
A28	DIRECCION ESTRATEGICA II
A29	ESTRUCTURA Y PROCESOS
A30	HISTORIA DEL PENSAMIENTO ADMINISTRATIVO
A31	TEMAS DE ADMINISTRACION PUBLICA
A34	ACTUALIZACION EN TEMAS DE FINANZAS
A35	ACTUALIZACION EN TEMAS DE COMERCIALIZACION
A36	ACTUALIZACION EN TEMAS DE ADMINISTRACION DE OPERACIONES
A37	ADMINISTRACION DE RECURSOS HUMANOS II
A38	ANALISIS CUANTITATIVO DE NEGOCIOS II
A39	TEORIA DE LAS DECISIONES
A41	SISTEMAS DE INFORMACION II
A42	SEGURIDAD Y CONTROL EN SISTEMAS INFORMATICOS
C24	CONTABILIDAD FINANCIERA
C25	TALLER LEGISLACION Y PRACTICA IMPOSITIVA
C26	ADMINISTRACION Y CONTABILIDAD PUBLICA II
D13	TALLER DERECHO DEL TRABAJO Y SEGURIDAD SOCIAL
D15	ASPECTOS TRIBUTARIOS ESPECIALES-IMPUESTOS III
D16	DERECHO COMERCIAL
E37	MICROECONOMIA III/PLANIFICACION ECONOMICA
E40	ECONOMIA MATEMATICA AVANZADA
E45	ECONOMIA DEL MEDIO AMBIENTE
E46	FINANZAS DE EMPRESAS
E47	MICROECONOMIA AVANZADA
E48	MACROECONOMIA AVANZADA
E49	ECONOMIA Y SOCIEDAD
E50	ECONOMIA APLICADA
E52	DERECHO Y ECONOMIA
E53	ECONOMIA INSTITUCIONAL
H04	HISTORIA ECONOMICA Y SOCIAL
M16	ESTADISTICA AVANZADA
M17	TALLER DE MATEMATICA FINANCIERA
M18	LOGICA MATEMATICA
M19	MATEMATICA FINANCIERA II
P04	PRACTICA PROFESIONAL 
TE01	TESINA
E54	GOBIERNO Y POLITICA 
M20	ESTADISTICA LEE
O1	BIBLIOTECA
O2	DIRECCION DE SISTEMAS Y TECNOLOGIA
O3	COOPERADORA
O4	DECANATO 
O5	DECANO
O6	DESPACHO ADMINISTRATIVO
O7	DESPACHO HCD
O8	DIRECCION ACADEMICA
O9	DIRECCION ADMINISTRATIVA
O10	DIRECCION ALUMNOS
O11	DIRECCION DE POSGRADO 
O12	DIRECCION DE TITULOS
O13	DPTO PRESUPUESTO
O14	DPTO. COMUNICACIONES
O15	DPTO. CONCURSOS
O16	DPTO. DE BS. DE ESTADO Y ECONOMATO
O17	DPTO. DE COMPRAS
O18	DPTO. PERSONAL
O19	ESP. EN TRIBUTACION
O20	GUARDIA
O21	INIE
O22	INST. DE ADMINISTRACION
O23	INST. DE ECONOMIA
O24	INSTITUTO DE CONTABILIDAD
O25	LABORATORIO DE COMPUTACION
O26	MAGISTER EN ADMINISTRACION - RR.HH.
O27	MANTENIMIENTO
O28	MESA DE ENTRADAS
O29	SEC. ACADEMICA
O30	SEC. ADMINISTRATIVA
O31	SEC. BIENESTAR ESTUDIANTIL
O32	SEC. COMISION DEL HCD
O33	SEC. DE POSGRADO
O34	SEC. DE RELAC. INSTITUCIONALES
O35	SEC. HISTORIA ECONOMICA
O36	SERVICIOS GENERALES
O37	TESORERIA
O38	VICE 
O39	GABINETE PSICOPEDAGOGICO
O40	INSTITUTO DE DERECHO
O41	BOX 89
O42	PLAYA DE ESTACIONAMIENTO
O43	DANIEL CASAL
O44	ELECCIONES
O45	INGRESO. CURSO DE NIVELACION
O46	CECE
O47	AULAS Y EQUIPOS
O48	FRANJA
