codigo,barcode,producto,stock,precio
A01,7798006055058,ABROCHADORA 10/50 PINZA,4,16241.98
A02,77960870,ADHESIVO VOLIGOMAS 50 ml,-4,
A03,77960863,ADHESIVO VOLIGOMAS 30 ml,2,931.26
A04,7798156770405,ALFILERES CAJA 28 MM 50 GRS,0,67.11
A05,7798132384503,ALMOHADILLA PARA SELLOS PAGADA,0,239
A06,7798112830235,ALMOHADILLA PARA SELLOS STA,1,
A07,,APRIETA PAPELES Nº2,5,
A07,,APRIETA PAPELES Nº3,,,
A08,,APRIETA PAPELES Nº4,11,
A09,,ARANDELAS CARTON CAJA 500 UNID.,2469.80,6.05
A10,,BANDAS ELASTICAS 500 GRS SUPERBANDS 40 DIAM CAJA. CHICAS,0.81,9804
A11,,BANDAS ELASTICAS 500 GRS SUPERBANDS 80 DIAM CAJA. GRANDES Y GRUESAS 150 UNIDADES,0,456
A12,,BANDAS ELASTICAS 500 GRS SUPERBANDS 80 DIAM CAJA. LARGAS FINAS,0,
A14,,BIBLIORATO A4 REFORZADO,0,662.11
A15,,BIBLIORATO TAMAÑO A4,22,2516.03
A16,,BIBLIORATO TAMAÑO LEGAL,25,2516.03
A17,,BIBLIORATO TAMAÑO OFICIO REFORZADO,1,662.11
A19,,BORRADOR,23,84.7
A20,7798006050084,BROCHES ABROCHADORA 10/50,66,799.56
A21,,BROCHES ABROCHADORA 21/6,8,35.19
A22,,BROCHES ABROCHADORA 23/10,2,64.9
A23,,BROCHES ABROCHADORA 24/6,3,44.7
A24,,BROCHES DORADOS Nº 10 POR CAJA 100 UNID,9,99.23
A25,,BROCHES DORADOS Nº 3 POR CAJA 100 UNID,23,236.19
A26,,BROCHES DORADOS Nº 5 POR CAJA 100 UNID,39,60.2
A27,,BROCHES DORADOS Nº 6 POR CAJA 100 UNID,15,
A28,,BROCHES NEPACO METALICO Nº 2 50 UNID.,46,160.79
A29,,CAJA ARCHIVOS PLÁSTICO CORRUGADO LEGAL,2,361.01
A30,,CAJA DE ARCHIVO CARTON,34,306.29
A31,,CAJA DE ARCHIVO PVC C/ELASTICO LOMO 4 CM OFICIO COLOR CELESTE RECICLADA,3,
A32,,CARPETA CARATULA CARTA A4 DE CARTULINA,0,
A33,,CARPETA CARATULA PLODER OFICIO AMARILLA,31,307.47
A34,,CARPETA COLGANTE OFICIO,45,20
A35,,CARPETA COMERCIAL OFICIO NEGRO,0,38.6
A36,,CARPETA TAPA TRANSPARENTE A4,54,280.22
A37,,CARPETA TAPA TRANSPARENTE OFICIO,77,367.28
A47,,CARTUCHO HP 21 NEGRO,4,24300
A48,,CARTUCHO HP 22 TRICOLOR,1,33950
A49,,CARTUCHO HP 60 NEGRO XL,1,6500
A50,,CARTUCHO HP 60 XL TRICOLOR,1,2113
A51,,CARTUCHO HP 662 NEGRO,1,23370
A52,,CARTUCHO HP 662 TRICOLOR,1,17725.37
A63,,CARTUCHO HP 954 AMARILLO XL,1,7500
A64,,CARTUCHO HP 954 CIAN XL,1,15000
A65,,CARTUCHO HP 954 MAGENTA XL,1,7500
A66,,CARTUCHO HP 954 NEGRO XL,0,11900
A69,,CARTUCHO TINTA TIPO EPSON 664 COLOR AMARILLO,2,2200
A70,,CARTUCHO TINTA TIPO EPSON 664 COLOR CYAN,2,2200
A71,,CARTUCHO TINTA TIPO EPSON 664 COLOR MAGENTA,2,2200
A72,,CARTUCHO TINTA TIPO EPSON 664 COLOR NEGRO,2,2028.12
A73,,CARTUCHO TIPO HP 122 NEGRO,0,16000
A74,,CARTUCHO TIPO HP 122 TRICOLOR,1,16000
A75,7792533001823,CHINCHES X 5O UNID.,1,144.5
A76,,CINTA ADHESIVA STICKO 12X60,0,42
A77,,CINTA EMBALAJE,2,1112.82
A78,,CINTA PAPEL,0,2607
A80,,CLIPS Nº 5 CAJA 100 UNID.,0,43.1
A81,,CLIPS Nº 6 CAJA 50 UNID.,116,427.75
A82,,CLIPS Nº 6 CAJA 50 UNID.COLORES,2,
A83,,CLIPS Nº 8 CAJA 50 UNID.,7.2,2037
A84,,CUADERNO CHICO ÉXITO RAYADO TAPA DURA 200 HOJAS,2,11943.69
A85,,CUADERNO CHICO TAPA DURA ARAÑA RAYADO 168 HOJAS,3,5931
A86,,CUADERNO ESPIRAL A4 TAPA BLANDA,0,1641.28
A87,,CUADERNO TAPA DURA A5 120 HOJAS,1,1068
A88,,CUADERNOS ESPIRAL A4 TAPA DURA,4,6900.42
A90,,DRUM ALT HP 32A CON CHIP,0,13500
A91,,FOLIOS A4,156,74.35
A92,,FOLIOS OFICIO,419,90.56
A93,,GOMAS DE BORRAR,20,244.96
A94,,LAPICERA PARKER NEGRA,1,2329.1
A95,70330183575,LAPICERA TRAZO FINO AZUL,60,116.68
A96,,LAPICERA TRAZO FINO UNIBALL SIGNO COLOR AZUL,0,60
A97,70330125285,LAPICERA TRAZO GRUESO COLOR AZUL,88,500.5
A98,,LAPICERA TRAZO GRUESO COLOR NEGRO,42,30.87
A99,7754111532020,LAPICERA TRAZO GRUESO COLOR ROJO,16,468.48
A100,,LAPIZ CORRECTOR LAPICERA,40,268.58
A101,7891360640455,LAPIZ NEGRO,37,288.23
A102,,LIBRO RECIBO POR 100 HOJAS,1,
A103,,LIBRO RECIBO POR 200 HOJAS,0,
,,LLAVEROS IDENTIFICADORES ACRIMET,,
A104,,LOMOS DE BIBLIORATOS POR 20 U,4.6,
A105,,MARCADOR PARA PIZARRA BLANCA COLOR AZUL (NO RECARGABLE),0,
A106,,MARCADOR PARA PIZARRA BLANCA COLOR NEGRO (NO RECARGABLE),0,112.05
A107,,MARCADOR PARA PIZARRA BLANCA COLOR ROJO (NO RECARGABLE),0,
A108,,MARCADOR PERMANENTE MARCA EDDING 142M /MARCADOR PERMANENTE MARCA EDDING 400,4,380.06
A109,,MARCADOR PERMANENTE NEGRO,9,487.35
A110,,MARCADOR PERMANENTE TRABI 410 AZUL,0,80
A111,,MARCADOR PERMANENTE TRABI 410 ROJO,0,80
A112,,MARCADOR PIZARRA BLANCA MARCA RECARGABLE COLOR VERDE,0,112.05
A113,,MARCADOR PIZARRA BLANCA RECARGABLE COLOR AZUL,0,112.05
A114,,MARCADOR PIZARRA BLANCA RECARGABLE COLOR NEGRO,0,112.05
A115,,MARCADOR PIZARRA BLANCA RECARGABLE COLOR ROJO,0,112.05
A116,,MARCADOR PIZARRA DE VIDRIO AZUL,4,759.52
A117,,MARCADOR PIZARRA DE VIDRIO ROJO,16,759.52
A118,,MARCADOR PIZARRA DE VIDRIO VERDE,0,
A119,,MARCADOR PIZARRA VIDRIO COLOR NEGRO,409,770.75
A120,,MARCADOR PIZZINI DRAWING PEN 0.5/FABER CASTELL MULTIMARK 421-5,4,372
A121,,MARCADOR TINTA AL AGUA COLOR NEGRO,4,610
A122,,MARCADOR TINTA AL AGUA MARCA TRABI 420 PLUS COLOR AZUL,5,151.37
A123,,MARCADOR TINTA AL AGUA MARCA TRABI 420 PLUS COLOR ROJO,3,151.37
A124,,PAPEL BLANCO A4 180 GRAMOS POR 125 HOJAS,3.92,
A125,,PAPEL CARBONICO,10,75
A132,,PAPELES ADHESIVOS,4,910
A133,,PERFORADORA,1,445.99
A135,,REGLA PLASTICA 30 CM,13,78.56
A136,,REMA HOJAS A4 CELESTES 75 G POR 100 HOJAS,0,
A138,,REPUESTO LAPICERA PARKER COLOR AZUL,0,
A139,,REPUESTO TACO BLANCO,2,93.32
A140,,REPUESTO TACO DE COLORES,30,172.23
A141,7790578574357,RESALTADOR AMARILLO,20,386.01
A142,,RESALTADOR CELESTE,13,136.29
A143,,RESALTADOR NARANJA,5,136.29
A144,7790578574371,RESALTADOR ROSA,15,136.29
,7795513049464,RESALTADOR VERDE FILGO,,
,7703064100091,RESALTADOR VERDE PELIKAN,,
,7790578574364,RESALTADOR VERDE TRABI,,
A146,,RESALTADOR VIOLETA,253.78,110.1
A147,,RESMA DE HOJAS A4 70 GRS.,0,4595.83
A148,,RESMA DE HOJAS A4 75 GRS.,0,320.41
A149,,RESMA DE HOJAS OFICIO 70 GRS.,113,277.73
A150,,RESMA DE HOJAS OFICIO 75 GRS.,9,5940
A151,,ROLLO ETIQUESTAS ADHESIVAS 40X20MM,0,
A152,,SACABROCHE,6,668
A153,,SACAPUNTAS,10,300
A154,,SEÑALADORES,9000,215.54
A155,,SOBRE COMERCIAL X UNIDAD,412,56.17
A156,,SOBRES BLANCO TIPO CARTA OFICIO INGLES,17,45.38
A157,,SOBRES PAPEL MADERA GRANDE,136,113.74
A158,,SOBRES PAPEL MADERA MEDIANO (TIPO OFICIO) 25X35 CM,18,85.52
A159,,SOBRES PAPEL MADERA PEQUEÑO (TIPO A4),0,7.3
A163,,TIJERA 17 CM,0,1734.92
A164,,TIJERA 21 CM,0,91.4
A165,,TINTA AZUL PARA RECARGAR MARCADORES DE PIZARRA BLANCA,2,
A166,,TINTA HP BOTELLA GT52 AMARILLO,2,10730
A167,,TINTA HP BOTELLA GT52 CYAN,2,10730
A168,,TINTA HP BOTELLA GT52 MAGENTA,2,10730
A169,,TINTA HP BOTELLA GT53 NEGRO,0,4500
A170,,TINTA NEGRA PARA RECARGAR MARCADORES DE PIZARRA BLANCA,0,
A171,,TINTA PARA SELLOS AZUL,1,
A172,,TINTA PARA SELLOS MORADA,2,
A173,,TINTA PARA SELLOS NEGRA,1,102.43
A174,,TINTA PARA SELLOS VERDE,1,335.9
A177,,TONER 105 A,3,8400
A178,,TONER 58 A/ CF 258 A,3,10794.71
A179,,TONER D111 P/ SAMSUNG NEGRO,1,10067.2
A180,,TONER TN 410/420/450,6,17000
A181,,TONER TN 890,4,22800
A182,,TONER:1050/1060/1070,5,8324.97
A183,,TONER:217 A,5,965.17
A184,,TONER:219 A,6,3466.71
A185,,TONER:226 A,7,16953.77
A186,,TONER:230 A,4,8340
A187,,TONER:2612 A,3,7393
A188,,TONER:279 A,3,1027.69
A189,,TONER:280 A,26,1094.77
A190,,TONER:283 A,4,6606.6
A191,,TONER:285 A,0,6674.24
A192,,TONER:287 A,0,36000
A193,,TONER:55 A,3,66900
A194,,TONER:64 A,4,10540
A195,,TONER:7553/5949 A,29,1860
A196,,TRINCHETA LIBRERÍA,592,319.8
A197,,TUBO PORTA PLANO,0,582.17
A198,,VISORES PARA CARPETAS COLGANTES,0,4
